scenario,run,duration
s5p,0,54.929507932s
s5p,1,52.619063518s
s5p,2,52.05970576s
