scenario,run,duration
1,0,1m2.08649241s
1,1,1m2.662867235s
1,2,1m2.400930239s
1,3,1m4.024475106s
1,4,1m3.392743368s
