scenario,run,duration
s2p,0,1m38.422288485s
s2p,1,1m32.191340966s
s2p,2,1m33.662620837s
