scenario,run,duration
s2r,0,1m32.512340299s
s2r,1,1m37.253349025s
s2r,2,1m38.176781205s
