scenario,run,duration
0,0,2m29.678116889s
0,1,2m22.287326491s
0,2,2m18.3234076s
