scenario,run,duration
s3r,0,1m4.37145962s
s3r,1,1m2.21858797s
s3r,2,1m1.268996772s
