scenario,run,duration
3,0,2m20.315584891s
3,1,2m20.368806782s
3,2,2m54.238480818s
3,3,3m8.511821442s
3,4,3m7.773228168s
