scenario,run,duration
0,0,51.696132166s
0,1,51.911480444s
0,2,52.390662264s
0,3,56.182621405s
0,4,55.220695912s
