scenario,run,duration
2,0,2m36.007915239s
2,1,2m33.531413426s
2,2,2m35.226599852s
2,3,3m11.86392259s
2,4,2m32.124558069s
