scenario,run,duration
s5r,0,57.853988852s
s5r,1,57.544438267s
s5r,2,1m0.18930199s
