scenario,run,duration
s1r,0,2m52.785580088s
s1r,1,3m0.62037451s
s1r,2,3m14.505092967s
