scenario,run,duration
s4r,0,56.491855971s
s4r,1,1m0.875525885s
s4r,2,55.157232355s
