scenario,run,duration
5,0,2m24.688997016s
5,1,2m23.67249662s
5,2,2m19.939254251s
5,3,2m20.173628595s
5,4,2m23.571963802s
