scenario,run,duration
s1p,0,2m52.780802068s
s1p,1,2m49.10035236s
s1p,2,2m49.757086229s
