scenario,run,duration
s3p,0,54.341562129s
s3p,1,54.388859146s
s3p,2,54.712185671s
