scenario,run,duration
4,0,2m24.378934877s
4,1,2m24.097165115s
4,2,2m27.165093734s
4,3,2m23.963646737s
4,4,2m23.613646528s
