scenario,run,duration
s4p,0,52.522841575s
s4p,1,52.383698547s
s4p,2,52.471749642s
