scenario,run,duration
0,0,49.281814752s
0,1,51.333560305s
0,2,46.784119303s
1,0,1m54.398371117s
1,1,1m29.345375415s
1,2,1m45.082743241s
