scenario,run,duration
2,0,2m33.813835786s
2,1,2m26.758180526s
2,2,2m34.970583996s
3,0,2m29.016033169s
3,1,2m25.060515508s
3,2,2m53.388667051s
4,0,2m23.5571259s
4,1,2m20.504637686s
4,2,2m35.926492804s
5,0,2m14.426692549s
5,1,2m22.772396789s
5,2,2m20.294902079s
0,0,49.337229572s
0,1,49.334645134s
0,2,49.534466898s
1,0,1m5.918064376s
1,1,1m8.67383376s
1,2,1m4.155503286s
