scenario,run,duration
2,0,2m33.813835786s
2,1,2m26.758180526s
2,2,2m34.970583996s
