scenario,run,duration
0,0,49.337229572s
0,1,49.334645134s
0,2,49.534466898s
1,0,1m5.918064376s
1,1,1m8.67383376s
1,2,1m4.155503286s
