scenario,run,duration
3,0,2m29.016033169s
3,1,2m25.060515508s
3,2,2m53.388667051s
