scenario,run,duration
4,0,2m23.5571259s
4,1,2m20.504637686s
4,2,2m35.926492804s
