scenario,run,duration
0,0,54.747474886s
0,1,51.947434743s
0,2,46.45773164s
1,0,1m3.544563596s
1,1,56.213273402s
1,2,58.437676232s
