scenario,run,duration
0,0,52.904593039s
0,1,50.398595104s
0,2,52.540681596s
1,0,1m1.645645752s
1,1,1m0.515174209s
1,2,59.890311889s
