scenario,run,duration
5,0,2m14.426692549s
5,1,2m22.772396789s
5,2,2m20.294902079s
